{
  "9-HUN-633" : {
    "idCar" : "9-HUN-633",
    "brand" : "Mercedes",
    "model" : "AMG",
    "year" : 2020,
    "priceday" : 120.0,
    "mileage" : 2000,
    "fuelType" : "Essence",
    "transmission" : "Manuelle",
    "seats" : 5,
    "available" : true,
    "image" : "img1.jpg"
  },
  "3-ABC-245" : {
    "idCar" : "3-ABC-245",
    "brand" : "Audi",
    "model" : "A3",
    "year" : 2019,
    "priceday" : 95.0,
    "mileage" : 15000,
    "fuelType" : "Diesel",
    "transmission" : "Automatique",
    "seats" : 5,
    "available" : true,
    "image" : "img2.jpg"
  },
  "6-XYZ-764" : {
    "idCar" : "6-XYZ-764",
    "brand" : "BMW",
    "model" : "320i",
    "year" : 2021,
    "priceday" : 110.0,
    "mileage" : 7000,
    "fuelType" : "Essence",
    "transmission" : "Automatique",
    "seats" : 5,
    "available" : false,
    "image" : "img3.jpg"
  },
  "4-DEF-879" : {
    "idCar" : "4-DEF-879",
    "brand" : "Toyota",
    "model" : "Corolla",
    "year" : 2018,
    "priceday" : 80.0,
    "mileage" : 30000,
    "fuelType" : "Hybride",
    "transmission" : "Manuelle",
    "seats" : 5,
    "available" : true,
    "image" : "img4.jpg"
  },
  "2-GHI-654" : {
    "idCar" : "2-GHI-654",
    "brand" : "Peugeot",
    "model" : "208",
    "year" : 2022,
    "priceday" : 75.0,
    "mileage" : 12000,
    "fuelType" : "Essence",
    "transmission" : "Manuelle",
    "seats" : 5,
    "available" : true,
    "image" : "img5.jpg"
  },
  "8-JKL-321" : {
    "idCar" : "8-JKL-321",
    "brand" : "Renault",
    "model" : "Clio",
    "year" : 2017,
    "priceday" : 60.0,
    "mileage" : 45000,
    "fuelType" : "Diesel",
    "transmission" : "Manuelle",
    "seats" : 5,
    "available" : false,
    "image" : "img6.jpg"
  },
  "7-MNO-777" : {
    "idCar" : "7-MNO-777",
    "brand" : "Volkswagen",
    "model" : "Golf",
    "year" : 2020,
    "priceday" : 100.0,
    "mileage" : 20000,
    "fuelType" : "Essence",
    "transmission" : "Automatique",
    "seats" : 5,
    "available" : true,
    "image" : "img7.jpg"
  },
  "1-PQR-888" : {
    "idCar" : "1-PQR-888",
    "brand" : "Hyundai",
    "model" : "i30",
    "year" : 2019,
    "priceday" : 70.0,
    "mileage" : 25000,
    "fuelType" : "Diesel",
    "transmission" : "Manuelle",
    "seats" : 5,
    "available" : false,
    "image" : "img8.jpg"
  },
  "5-STU-111" : {
    "idCar" : "5-STU-111",
    "brand" : "Kia",
    "model" : "Ceed",
    "year" : 2021,
    "priceday" : 85.0,
    "mileage" : 10000,
    "fuelType" : "Essence",
    "transmission" : "Automatique",
    "seats" : 5,
    "available" : true,
    "image" : "img9.jpg"
  },
  "3-VWX-222" : {
    "idCar" : "3-VWX-222",
    "brand" : "Opel",
    "model" : "Corsa",
    "year" : 2018,
    "priceday" : 65.0,
    "mileage" : 40000,
    "fuelType" : "Diesel",
    "transmission" : "Manuelle",
    "seats" : 5,
    "available" : true,
    "image" : "img10.jpg"
  },
  "4-YZA-333" : {
    "idCar" : "4-YZA-333",
    "brand" : "Nissan",
    "model" : "Qashqai",
    "year" : 2020,
    "priceday" : 95.0,
    "mileage" : 18000,
    "fuelType" : "Essence",
    "transmission" : "Automatique",
    "seats" : 5,
    "available" : false,
    "image" : "img11.jpg"
  },
  "6-BBC-444" : {
    "idCar" : "6-BBC-444",
    "brand" : "Fiat",
    "model" : "Punto",
    "year" : 2016,
    "priceday" : 55.0,
    "mileage" : 50000,
    "fuelType" : "Essence",
    "transmission" : "Manuelle",
    "seats" : 5,
    "available" : true,
    "image" : "img12.jpg"
  },
  "7-CCD-555" : {
    "idCar" : "7-CCD-555",
    "brand" : "Mazda",
    "model" : "3",
    "year" : 2022,
    "priceday" : 105.0,
    "mileage" : 6000,
    "fuelType" : "Hybride",
    "transmission" : "Automatique",
    "seats" : 5,
    "available" : true,
    "image" : "img13.jpg"
  },
  "2-DDE-666" : {
    "idCar" : "2-DDE-666",
    "brand" : "Seat",
    "model" : "Leon",
    "year" : 2019,
    "priceday" : 90.0,
    "mileage" : 22000,
    "fuelType" : "Diesel",
    "transmission" : "Manuelle",
    "seats" : 5,
    "available" : true,
    "image" : "img14.jpg"
  },
  "8-EEF-777" : {
    "idCar" : "8-EEF-777",
    "brand" : "Skoda",
    "model" : "Octavia",
    "year" : 2020,
    "priceday" : 88.0,
    "mileage" : 16000,
    "fuelType" : "Essence",
    "transmission" : "Automatique",
    "seats" : 5,
    "available" : false,
    "image" : "img15.jpg"
  },
  "1-FFG-888" : {
    "idCar" : "1-FFG-888",
    "brand" : "Volvo",
    "model" : "V40",
    "year" : 2021,
    "priceday" : 115.0,
    "mileage" : 9000,
    "fuelType" : "Diesel",
    "transmission" : "Automatique",
    "seats" : 5,
    "available" : true,
    "image" : "img16.jpg"
  },
  "9-GGH-999" : {
    "idCar" : "9-GGH-999",
    "brand" : "Tesla",
    "model" : "Model 3",
    "year" : 2022,
    "priceday" : 140.0,
    "mileage" : 5000,
    "fuelType" : "Électrique",
    "transmission" : "Automatique",
    "seats" : 5,
    "available" : true,
    "image" : "img17.jpg"
  },
  "3-HHI-000" : {
    "idCar" : "3-HHI-000",
    "brand" : "Ford",
    "model" : "Focus",
    "year" : 2018,
    "priceday" : 75.0,
    "mileage" : 30000,
    "fuelType" : "Diesel",
    "transmission" : "Manuelle",
    "seats" : 5,
    "available" : false,
    "image" : "img18.jpg"
  },
  "5-IIJ-111" : {
    "idCar" : "5-IIJ-111",
    "brand" : "Citroen",
    "model" : "C3",
    "year" : 2019,
    "priceday" : 70.0,
    "mileage" : 20000,
    "fuelType" : "Essence",
    "transmission" : "Manuelle",
    "seats" : 5,
    "available" : true,
    "image" : "img19.jpg"
  },
  "6-JJK-222" : {
    "idCar" : "6-JJK-222",
    "brand" : "Chevrolet",
    "model" : "Cruze",
    "year" : 2017,
    "priceday" : 65.0,
    "mileage" : 35000,
    "fuelType" : "Essence",
    "transmission" : "Manuelle",
    "seats" : 5,
    "available" : true,
    "image" : "img20.jpg"
  },
  "7-KKL-333" : {
    "idCar" : "7-KKL-333",
    "brand" : "Honda",
    "model" : "Civic",
    "year" : 2020,
    "priceday" : 100.0,
    "mileage" : 17000,
    "fuelType" : "Hybride",
    "transmission" : "Automatique",
    "seats" : 5,
    "available" : false,
    "image" : "img21.jpg"
  },
  "8-LLM-444" : {
    "idCar" : "8-LLM-444",
    "brand" : "Subaru",
    "model" : "Impreza",
    "year" : 2021,
    "priceday" : 110.0,
    "mileage" : 8000,
    "fuelType" : "Essence",
    "transmission" : "Manuelle",
    "seats" : 5,
    "available" : true,
    "image" : "img22.jpg"
  },
  "9-MMN-555" : {
    "idCar" : "9-MMN-555",
    "brand" : "Jeep",
    "model" : "Renegade",
    "year" : 2019,
    "priceday" : 105.0,
    "mileage" : 15000,
    "fuelType" : "Essence",
    "transmission" : "Automatique",
    "seats" : 5,
    "available" : true,
    "image" : "img23.jpg"
  },
  "1-NNO-666" : {
    "idCar" : "1-NNO-666",
    "brand" : "Mini",
    "model" : "Cooper",
    "year" : 2020,
    "priceday" : 115.0,
    "mileage" : 10000,
    "fuelType" : "Essence",
    "transmission" : "Automatique",
    "seats" : 4,
    "available" : false,
    "image" : "img24.jpg"
  },
  "2-OOP-777" : {
    "idCar" : "2-OOP-777",
    "brand" : "Dacia",
    "model" : "Duster",
    "year" : 2022,
    "priceday" : 85.0,
    "mileage" : 6000,
    "fuelType" : "Diesel",
    "transmission" : "Manuelle",
    "seats" : 5,
    "available" : true,
    "image" : "img25.jpg"
  },
  "3-PPQ-888" : {
    "idCar" : "3-PPQ-888",
    "brand" : "Alfa Romeo",
    "model" : "Giulia",
    "year" : 2021,
    "priceday" : 125.0,
    "mileage" : 9000,
    "fuelType" : "Essence",
    "transmission" : "Automatique",
    "seats" : 5,
    "available" : true,
    "image" : "img26.jpg"
  },
  "4-QQR-999" : {
    "idCar" : "4-QQR-999",
    "brand" : "Porsche",
    "model" : "Cayenne",
    "year" : 2022,
    "priceday" : 180.0,
    "mileage" : 4000,
    "fuelType" : "Essence",
    "transmission" : "Automatique",
    "seats" : 5,
    "available" : true,
    "image" : "img27.jpg"
  },
  "5-RRS-000" : {
    "idCar" : "5-RRS-000",
    "brand" : "Lexus",
    "model" : "NX300",
    "year" : 2021,
    "priceday" : 130.0,
    "mileage" : 8000,
    "fuelType" : "Hybride",
    "transmission" : "Automatique",
    "seats" : 5,
    "available" : false,
    "image" : "img28.jpg"
  },
  "6-SST-111" : {
    "idCar" : "6-SST-111",
    "brand" : "Jaguar",
    "model" : "XE",
    "year" : 2020,
    "priceday" : 150.0,
    "mileage" : 11000,
    "fuelType" : "Essence",
    "transmission" : "Automatique",
    "seats" : 5,
    "available" : true,
    "image" : "img29.jpg"
  },
  "7-TTU-222" : {
    "idCar" : "7-TTU-222",
    "brand" : "Mitsubishi",
    "model" : "Lancer",
    "year" : 2018,
    "priceday" : 90.0,
    "mileage" : 25000,
    "fuelType" : "Essence",
    "transmission" : "Manuelle",
    "seats" : 5,
    "available" : true,
    "image" : "img30.jpg"
  },
  "5-AHZ-790" : {
    "idCar" : "5-AHZ-790",
    "brand" : "merco",
    "model" : "moj",
    "year" : 2002,
    "priceday" : 120.0,
    "mileage" : 2332,
    "fuelType" : "Essence",
    "transmission" : "Manuelle",
    "seats" : 4,
    "available" : true,
    "image" : "images\\1745054437061.jpeg"
  }
}