{
  "1" : {
    "idClient" : 1,
    "name" : "Elaouali",
    "surname" : "Mohammed",
    "email" : "mohammed1@example.com",
    "phoneNumber" : "0600000001",
    "birthDate" : [ 2001, 1, 15 ],
    "licenseNumber" : "ABC123001",
    "address" : "Rabat"
  },
  "2" : {
    "idClient" : 2,
    "name" : "Zahraoui",
    "surname" : "Sara",
    "email" : "sara2@example.com",
    "phoneNumber" : "0600000002",
    "birthDate" : [ 2000, 5, 22 ],
    "licenseNumber" : null,
    "address" : "Casablanca"
  },
  "3" : {
    "idClient" : 3,
    "name" : "Bennani",
    "surname" : "Youssef",
    "email" : "youssef3@example.com",
    "phoneNumber" : "0600000003",
    "birthDate" : [ 1999, 3, 10 ],
    "licenseNumber" : "ABC123003",
    "address" : "Fès"
  },
  "4" : {
    "idClient" : 4,
    "name" : "Amrani",
    "surname" : "Khadija",
    "email" : "khadija4@example.com",
    "phoneNumber" : "0600000004",
    "birthDate" : [ 2002, 11, 8 ],
    "licenseNumber" : null,
    "address" : "Agadir"
  },
  "5" : {
    "idClient" : 5,
    "name" : "El Idrissi",
    "surname" : "Omar",
    "email" : "omar5@example.com",
    "phoneNumber" : "0600000005",
    "birthDate" : [ 2001, 4, 19 ],
    "licenseNumber" : "ABC123005",
    "address" : "Tanger"
  },
  "6" : {
    "idClient" : 6,
    "name" : "Bouazza",
    "surname" : "Salma",
    "email" : "salma6@example.com",
    "phoneNumber" : "0600000006",
    "birthDate" : [ 2000, 6, 30 ],
    "licenseNumber" : null,
    "address" : "Meknès"
  },
  "7" : {
    "idClient" : 7,
    "name" : "Fassi",
    "surname" : "Rachid",
    "email" : "rachid7@example.com",
    "phoneNumber" : "0600000007",
    "birthDate" : [ 1998, 7, 5 ],
    "licenseNumber" : "ABC123007",
    "address" : "Oujda"
  },
  "8" : {
    "idClient" : 8,
    "name" : "Talbi",
    "surname" : "Nadia",
    "email" : "nadia8@example.com",
    "phoneNumber" : "0600000008",
    "birthDate" : [ 1997, 12, 1 ],
    "licenseNumber" : null,
    "address" : "Tétouan"
  },
  "9" : {
    "idClient" : 9,
    "name" : "Moussaoui",
    "surname" : "Hamza",
    "email" : "hamza9@example.com",
    "phoneNumber" : "0600000009",
    "birthDate" : [ 1996, 9, 15 ],
    "licenseNumber" : "ABC123009",
    "address" : "Kénitra"
  },
  "10" : {
    "idClient" : 10,
    "name" : "Chraibi",
    "surname" : "Rania",
    "email" : "rania10@example.com",
    "phoneNumber" : "0600000010",
    "birthDate" : [ 2002, 10, 2 ],
    "licenseNumber" : null,
    "address" : "El Jadida"
  },
  "11" : {
    "idClient" : 11,
    "name" : "Elaouali",
    "surname" : "Mohammed",
    "email" : "mo11@example.com",
    "phoneNumber" : "0600000011",
    "birthDate" : [ 2001, 2, 20 ],
    "licenseNumber" : "ABC123011",
    "address" : "Beni Mellal"
  },
  "12" : {
    "idClient" : 12,
    "name" : "Hajji",
    "surname" : "Lina",
    "email" : "lina12@example.com",
    "phoneNumber" : "0600000012",
    "birthDate" : [ 2000, 3, 3 ],
    "licenseNumber" : null,
    "address" : "Nador"
  },
  "13" : {
    "idClient" : 13,
    "name" : "Abbassi",
    "surname" : "Oussama",
    "email" : "oussama13@example.com",
    "phoneNumber" : "0600000013",
    "birthDate" : [ 1995, 1, 11 ],
    "licenseNumber" : "ABC123013",
    "address" : "Safi"
  },
  "14" : {
    "idClient" : 14,
    "name" : "Bahja",
    "surname" : "Rita",
    "email" : "rita14@example.com",
    "phoneNumber" : "0600000014",
    "birthDate" : [ 2003, 6, 14 ],
    "licenseNumber" : null,
    "address" : "Settat"
  },
  "15" : {
    "idClient" : 15,
    "name" : "Ramdani",
    "surname" : "Yassir",
    "email" : "yassir15@example.com",
    "phoneNumber" : "0600000015",
    "birthDate" : [ 2002, 8, 8 ],
    "licenseNumber" : "ABC123015",
    "address" : "Taza"
  },
  "16" : {
    "idClient" : 16,
    "name" : "Elaouali",
    "surname" : "Soukaina",
    "email" : "soukaina16@example.com",
    "phoneNumber" : "0600000016",
    "birthDate" : [ 2001, 12, 5 ],
    "licenseNumber" : null,
    "address" : "Khouribga"
  },
  "17" : {
    "idClient" : 17,
    "name" : "Yacoubi",
    "surname" : "Ismail",
    "email" : "ismail17@example.com",
    "phoneNumber" : "0600000017",
    "birthDate" : [ 2000, 7, 23 ],
    "licenseNumber" : "ABC123017",
    "address" : "Ouarzazate"
  },
  "18" : {
    "idClient" : 18,
    "name" : "Ouazzani",
    "surname" : "Imane",
    "email" : "imane18@example.com",
    "phoneNumber" : "0600000018",
    "birthDate" : [ 1998, 11, 19 ],
    "licenseNumber" : null,
    "address" : "Errachidia"
  },
  "19" : {
    "idClient" : 19,
    "name" : "Sekkat",
    "surname" : "Ali",
    "email" : "ali19@example.com",
    "phoneNumber" : "0600000019",
    "birthDate" : [ 1997, 10, 10 ],
    "licenseNumber" : "ABC123019",
    "address" : "Guelmim"
  },
  "20" : {
    "idClient" : 20,
    "name" : "Mahdaoui",
    "surname" : "Rihab",
    "email" : "rihab20@example.com",
    "phoneNumber" : "0600000020",
    "birthDate" : [ 2003, 1, 1 ],
    "licenseNumber" : null,
    "address" : "Laâyoune"
  },
  "21" : {
    "idClient" : 21,
    "name" : "Bakkali",
    "surname" : "Karim",
    "email" : "karim21@example.com",
    "phoneNumber" : "0600000021",
    "birthDate" : [ 1996, 5, 9 ],
    "licenseNumber" : "ABC123021",
    "address" : "Tan-Tan"
  },
  "22" : {
    "idClient" : 22,
    "name" : "Hamidi",
    "surname" : "Laila",
    "email" : "laila22@example.com",
    "phoneNumber" : "0600000022",
    "birthDate" : [ 2000, 10, 10 ],
    "licenseNumber" : null,
    "address" : "Mohammedia"
  },
  "23" : {
    "idClient" : 23,
    "name" : "Ghazali",
    "surname" : "Rami",
    "email" : "rami23@example.com",
    "phoneNumber" : "0600000023",
    "birthDate" : [ 1995, 3, 27 ],
    "licenseNumber" : "ABC123023",
    "address" : "Sidi Ifni"
  },
  "24" : {
    "idClient" : 24,
    "name" : "Chafai",
    "surname" : "Sanae",
    "email" : "sanae24@example.com",
    "phoneNumber" : "0600000024",
    "birthDate" : [ 2001, 8, 18 ],
    "licenseNumber" : null,
    "address" : "Tiflet"
  },
  "25" : {
    "idClient" : 25,
    "name" : "Elaouali",
    "surname" : "Amine",
    "email" : "amine25@example.com",
    "phoneNumber" : "0600000025",
    "birthDate" : [ 1999, 4, 3 ],
    "licenseNumber" : "ABC123025",
    "address" : "Ksar El Kebir"
  },
  "26" : {
    "idClient" : 26,
    "name" : "Habibi",
    "surname" : "Ilham",
    "email" : "ilham26@example.com",
    "phoneNumber" : "0600000026",
    "birthDate" : [ 2002, 2, 22 ],
    "licenseNumber" : null,
    "address" : "Martil"
  },
  "27" : {
    "idClient" : 27,
    "name" : "Benchekroun",
    "surname" : "Mehdi",
    "email" : "mehdi27@example.com",
    "phoneNumber" : "0600000027",
    "birthDate" : [ 1998, 12, 31 ],
    "licenseNumber" : "ABC123027",
    "address" : "Ifrane"
  },
  "28" : {
    "idClient" : 28,
    "name" : "Essaadi",
    "surname" : "Asmaa",
    "email" : "asmaa28@example.com",
    "phoneNumber" : "0600000028",
    "birthDate" : [ 2000, 9, 7 ],
    "licenseNumber" : null,
    "address" : "Berkane"
  },
  "29" : {
    "idClient" : 29,
    "name" : "Elaouali",
    "surname" : "Mohammed",
    "email" : "moha29@example.com",
    "phoneNumber" : "0600000029",
    "birthDate" : [ 2002, 2, 12 ],
    "licenseNumber" : "ABC123029",
    "address" : "Azrou"
  },
  "30" : {
    "idClient" : 30,
    "name" : "Kabbaj",
    "surname" : "Soufiane",
    "email" : "soufiane30@example.com",
    "phoneNumber" : "0600000030",
    "birthDate" : [ 1995, 6, 6 ],
    "licenseNumber" : null,
    "address" : "Chefchaouen"
  }
}