{
  "1" : {
    "idContrat" : "1",
    "caution" : 2000.0,
    "typeAssurance" : "Tiers",
    "options" : [ ],
    "estSigne" : true,
    "statutContrat" : "SIGNE",
    "prixAssurance" : 50.0,
    "prixTotal" : 89650.0,
    "reservationId" : 1,
    "clientId" : "1",
    "clientName" : "elaouali",
    "clientSurname" : "mohammed",
    "carId" : "9-HUN-633",
    "carBrand" : "merco",
    "carModel" : "amg"
  },
  "2" : {
    "idContrat" : "2",
    "caution" : 12222.0,
    "typeAssurance" : "Tous risques",
    "options" : [ "camera" ],
    "estSigne" : true,
    "statutContrat" : "SIGNE",
    "prixAssurance" : 150.0,
    "prixTotal" : 14352.0,
    "reservationId" : 2,
    "clientId" : "21",
    "clientName" : "Bakkali",
    "clientSurname" : "Karim",
    "carId" : "6-XYZ-764",
    "carBrand" : "BMW",
    "carModel" : "320i"
  }
}