{
  "1" : {
    "idReservation" : 1,
    "startDate" : 1744149600000,
    "endDate" : 1807135200000,
    "responsable" : "mohammed",
    "notes" : "moha",
    "price" : 87600.0,
    "carId" : "9-HUN-633",
    "clientId" : 1,
    "contratId" : "1",
    "client" : {
      "idClient" : 1,
      "name" : "Elaouali",
      "surname" : "Mohammed",
      "email" : "mohammed1@example.com",
      "phoneNumber" : "0600000001",
      "birthDate" : [ 2001, 1, 15 ],
      "licenseNumber" : "ABC123001",
      "address" : "Rabat"
    },
    "car" : {
      "idCar" : "9-HUN-633",
      "brand" : "Mercedes",
      "model" : "AMG",
      "year" : 2020,
      "priceday" : 120.0,
      "mileage" : 2000,
      "fuelType" : "Essence",
      "transmission" : "Manuelle",
      "seats" : 5,
      "available" : true,
      "image" : "img1.jpg"
    },
    "contrat" : {
      "idContrat" : "1",
      "caution" : 2000.0,
      "typeAssurance" : "Tiers",
      "options" : [ ],
      "estSigne" : true,
      "statutContrat" : "SIGNE",
      "prixAssurance" : 50.0,
      "prixTotal" : 89650.0,
      "reservationId" : 1,
      "clientId" : "1",
      "clientName" : "elaouali",
      "clientSurname" : "mohammed",
      "carId" : "9-HUN-633",
      "carBrand" : "merco",
      "carModel" : "amg"
    }
  },
  "2" : {
    "idReservation" : 2,
    "startDate" : 1744063200000,
    "endDate" : 1745532000000,
    "responsable" : "moha",
    "notes" : "moha",
    "price" : 1980.0,
    "carId" : "6-XYZ-764",
    "clientId" : 21,
    "contratId" : "2",
    "client" : {
      "idClient" : 21,
      "name" : "Bakkali",
      "surname" : "Karim",
      "email" : "karim21@example.com",
      "phoneNumber" : "",
      "birthDate" : null,
      "licenseNumber" : null,
      "address" : ""
    },
    "car" : {
      "idCar" : "6-XYZ-764",
      "brand" : "BMW",
      "model" : "320i",
      "year" : 2021,
      "priceday" : 110.0,
      "mileage" : 0,
      "fuelType" : null,
      "transmission" : null,
      "seats" : 0,
      "available" : false,
      "image" : ""
    },
    "contrat" : {
      "idContrat" : "2",
      "caution" : 12222.0,
      "typeAssurance" : "Tous risques",
      "options" : [ "camera" ],
      "estSigne" : true,
      "statutContrat" : "SIGNE",
      "prixAssurance" : 150.0,
      "prixTotal" : 14352.0,
      "reservationId" : 2,
      "clientId" : "21",
      "clientName" : "Bakkali",
      "clientSurname" : "Karim",
      "carId" : "6-XYZ-764",
      "carBrand" : "BMW",
      "carModel" : "320i"
    }
  }
}